--
-- PostgreSQL database dump
--

-- Dumped from database version 12.9 (Ubuntu 12.9-2.pgdg20.04+1)
-- Dumped by pg_dump version 12.9 (Ubuntu 12.9-2.pgdg20.04+1)

SET statement_timeout = 0;
SET lock_timeout = 0;
SET idle_in_transaction_session_timeout = 0;
SET client_encoding = 'UTF8';
SET standard_conforming_strings = on;
SELECT pg_catalog.set_config('search_path', '', false);
SET check_function_bodies = false;
SET xmloption = content;
SET client_min_messages = warning;
SET row_security = off;

DROP DATABASE universe;
--
-- Name: universe; Type: DATABASE; Schema: -; Owner: freecodecamp
--

CREATE DATABASE universe WITH TEMPLATE = template0 ENCODING = 'UTF8' LC_COLLATE = 'C.UTF-8' LC_CTYPE = 'C.UTF-8';


ALTER DATABASE universe OWNER TO freecodecamp;

\connect universe

SET statement_timeout = 0;
SET lock_timeout = 0;
SET idle_in_transaction_session_timeout = 0;
SET client_encoding = 'UTF8';
SET standard_conforming_strings = on;
SELECT pg_catalog.set_config('search_path', '', false);
SET check_function_bodies = false;
SET xmloption = content;
SET client_min_messages = warning;
SET row_security = off;

SET default_tablespace = '';

SET default_table_access_method = heap;

--
-- Name: galaxy; Type: TABLE; Schema: public; Owner: freecodecamp
--

CREATE TABLE public.galaxy (
    galaxy_id integer NOT NULL,
    name character varying(30) NOT NULL,
    description text,
    is_spherical boolean,
    galaxy_types character varying(30),
    age_in_billion_years numeric(5,2),
    diameter_in_light_years integer,
    escape_velocity integer
);


ALTER TABLE public.galaxy OWNER TO freecodecamp;

--
-- Name: galaxy_galaxy_id_seq; Type: SEQUENCE; Schema: public; Owner: freecodecamp
--

CREATE SEQUENCE public.galaxy_galaxy_id_seq
    AS integer
    START WITH 1
    INCREMENT BY 1
    NO MINVALUE
    NO MAXVALUE
    CACHE 1;


ALTER TABLE public.galaxy_galaxy_id_seq OWNER TO freecodecamp;

--
-- Name: galaxy_galaxy_id_seq; Type: SEQUENCE OWNED BY; Schema: public; Owner: freecodecamp
--

ALTER SEQUENCE public.galaxy_galaxy_id_seq OWNED BY public.galaxy.galaxy_id;


--
-- Name: lifeform; Type: TABLE; Schema: public; Owner: freecodecamp
--

CREATE TABLE public.lifeform (
    lifeform_id integer NOT NULL,
    name character varying(40),
    planet_id integer NOT NULL
);


ALTER TABLE public.lifeform OWNER TO freecodecamp;

--
-- Name: lifeform_lifeform_id_seq; Type: SEQUENCE; Schema: public; Owner: freecodecamp
--

CREATE SEQUENCE public.lifeform_lifeform_id_seq
    AS integer
    START WITH 1
    INCREMENT BY 1
    NO MINVALUE
    NO MAXVALUE
    CACHE 1;


ALTER TABLE public.lifeform_lifeform_id_seq OWNER TO freecodecamp;

--
-- Name: lifeform_lifeform_id_seq; Type: SEQUENCE OWNED BY; Schema: public; Owner: freecodecamp
--

ALTER SEQUENCE public.lifeform_lifeform_id_seq OWNED BY public.lifeform.lifeform_id;


--
-- Name: moon; Type: TABLE; Schema: public; Owner: freecodecamp
--

CREATE TABLE public.moon (
    moon_id integer NOT NULL,
    name character varying(40),
    planet_id integer NOT NULL,
    description text,
    has_life boolean,
    year_discovered integer
);


ALTER TABLE public.moon OWNER TO freecodecamp;

--
-- Name: moon_moon_id_seq; Type: SEQUENCE; Schema: public; Owner: freecodecamp
--

CREATE SEQUENCE public.moon_moon_id_seq
    AS integer
    START WITH 1
    INCREMENT BY 1
    NO MINVALUE
    NO MAXVALUE
    CACHE 1;


ALTER TABLE public.moon_moon_id_seq OWNER TO freecodecamp;

--
-- Name: moon_moon_id_seq; Type: SEQUENCE OWNED BY; Schema: public; Owner: freecodecamp
--

ALTER SEQUENCE public.moon_moon_id_seq OWNED BY public.moon.moon_id;


--
-- Name: planet; Type: TABLE; Schema: public; Owner: freecodecamp
--

CREATE TABLE public.planet (
    planet_id integer NOT NULL,
    name character varying(40),
    star_id integer NOT NULL,
    description text,
    has_life boolean,
    age_in_billion_of_years numeric(5,2)
);


ALTER TABLE public.planet OWNER TO freecodecamp;

--
-- Name: planet_planet_id_seq; Type: SEQUENCE; Schema: public; Owner: freecodecamp
--

CREATE SEQUENCE public.planet_planet_id_seq
    AS integer
    START WITH 1
    INCREMENT BY 1
    NO MINVALUE
    NO MAXVALUE
    CACHE 1;


ALTER TABLE public.planet_planet_id_seq OWNER TO freecodecamp;

--
-- Name: planet_planet_id_seq; Type: SEQUENCE OWNED BY; Schema: public; Owner: freecodecamp
--

ALTER SEQUENCE public.planet_planet_id_seq OWNED BY public.planet.planet_id;


--
-- Name: star; Type: TABLE; Schema: public; Owner: freecodecamp
--

CREATE TABLE public.star (
    star_id integer NOT NULL,
    name character varying(40),
    galaxy_id integer NOT NULL,
    description text,
    temperature_in_kelvin integer
);


ALTER TABLE public.star OWNER TO freecodecamp;

--
-- Name: star_star_id_seq; Type: SEQUENCE; Schema: public; Owner: freecodecamp
--

CREATE SEQUENCE public.star_star_id_seq
    AS integer
    START WITH 1
    INCREMENT BY 1
    NO MINVALUE
    NO MAXVALUE
    CACHE 1;


ALTER TABLE public.star_star_id_seq OWNER TO freecodecamp;

--
-- Name: star_star_id_seq; Type: SEQUENCE OWNED BY; Schema: public; Owner: freecodecamp
--

ALTER SEQUENCE public.star_star_id_seq OWNED BY public.star.star_id;


--
-- Name: galaxy galaxy_id; Type: DEFAULT; Schema: public; Owner: freecodecamp
--

ALTER TABLE ONLY public.galaxy ALTER COLUMN galaxy_id SET DEFAULT nextval('public.galaxy_galaxy_id_seq'::regclass);


--
-- Name: lifeform lifeform_id; Type: DEFAULT; Schema: public; Owner: freecodecamp
--

ALTER TABLE ONLY public.lifeform ALTER COLUMN lifeform_id SET DEFAULT nextval('public.lifeform_lifeform_id_seq'::regclass);


--
-- Name: moon moon_id; Type: DEFAULT; Schema: public; Owner: freecodecamp
--

ALTER TABLE ONLY public.moon ALTER COLUMN moon_id SET DEFAULT nextval('public.moon_moon_id_seq'::regclass);


--
-- Name: planet planet_id; Type: DEFAULT; Schema: public; Owner: freecodecamp
--

ALTER TABLE ONLY public.planet ALTER COLUMN planet_id SET DEFAULT nextval('public.planet_planet_id_seq'::regclass);


--
-- Name: star star_id; Type: DEFAULT; Schema: public; Owner: freecodecamp
--

ALTER TABLE ONLY public.star ALTER COLUMN star_id SET DEFAULT nextval('public.star_star_id_seq'::regclass);


--
-- Data for Name: galaxy; Type: TABLE DATA; Schema: public; Owner: freecodecamp
--

INSERT INTO public.galaxy VALUES (1, 'Milky Way', 'The galaxy we humans live in', true, 'spiral', 13.61, 105700, 550);
INSERT INTO public.galaxy VALUES (2, 'Andromeda', 'Galaxy', true, 'spiral', 10.01, 220000, 470);
INSERT INTO public.galaxy VALUES (3, 'Messier 82', 'Galaxy', true, 'edge-on-spiral', 13.30, 37000, 203);
INSERT INTO public.galaxy VALUES (4, 'Messier 81', 'Galaxy', true, 'spiral', 13.31, 90000, NULL);
INSERT INTO public.galaxy VALUES (5, 'Large Magellanic Cloud', 'Galaxy', false, 'magellanic-spiral', 1.10, 14000, NULL);
INSERT INTO public.galaxy VALUES (6, 'Small Magellanic Cloud', 'Galaxy', false, 'oval', 6.50, 7000, NULL);


--
-- Data for Name: lifeform; Type: TABLE DATA; Schema: public; Owner: freecodecamp
--

INSERT INTO public.lifeform VALUES (1, 'Humans', 1);
INSERT INTO public.lifeform VALUES (2, 'Plants', 1);
INSERT INTO public.lifeform VALUES (3, 'Protists', 1);
INSERT INTO public.lifeform VALUES (4, 'Fungi', 1);
INSERT INTO public.lifeform VALUES (5, 'Bacteria', 1);


--
-- Data for Name: moon; Type: TABLE DATA; Schema: public; Owner: freecodecamp
--

INSERT INTO public.moon VALUES (1, 'Moon', 1, NULL, NULL, NULL);
INSERT INTO public.moon VALUES (2, 'Phobos', 4, NULL, NULL, NULL);
INSERT INTO public.moon VALUES (4, 'Deimos', 4, NULL, NULL, NULL);
INSERT INTO public.moon VALUES (5, 'Rhea', 6, NULL, NULL, NULL);
INSERT INTO public.moon VALUES (6, 'Titan', 6, NULL, NULL, NULL);
INSERT INTO public.moon VALUES (7, 'Hyperion', 6, NULL, NULL, NULL);
INSERT INTO public.moon VALUES (8, 'Lapetus', 6, NULL, NULL, NULL);
INSERT INTO public.moon VALUES (9, 'Mimas', 6, NULL, NULL, NULL);
INSERT INTO public.moon VALUES (10, 'Telesto', 6, NULL, NULL, NULL);
INSERT INTO public.moon VALUES (11, 'Enceladus', 6, NULL, NULL, NULL);
INSERT INTO public.moon VALUES (12, 'Triton', 8, NULL, NULL, NULL);
INSERT INTO public.moon VALUES (13, 'Miranda', 7, NULL, NULL, NULL);
INSERT INTO public.moon VALUES (14, 'Titania', 7, NULL, NULL, NULL);
INSERT INTO public.moon VALUES (15, 'Oberon', 7, NULL, NULL, NULL);
INSERT INTO public.moon VALUES (16, 'Io', 5, NULL, NULL, NULL);
INSERT INTO public.moon VALUES (17, 'Europa', 5, NULL, NULL, NULL);
INSERT INTO public.moon VALUES (18, 'Ganymede', 5, NULL, NULL, NULL);
INSERT INTO public.moon VALUES (19, 'Callisto', 5, NULL, NULL, NULL);
INSERT INTO public.moon VALUES (20, 'Amalthea', 5, NULL, NULL, NULL);
INSERT INTO public.moon VALUES (21, 'Thalassa', 8, NULL, NULL, NULL);


--
-- Data for Name: planet; Type: TABLE DATA; Schema: public; Owner: freecodecamp
--

INSERT INTO public.planet VALUES (1, 'Earth', 1, NULL, NULL, NULL);
INSERT INTO public.planet VALUES (2, 'Mercury', 1, NULL, NULL, NULL);
INSERT INTO public.planet VALUES (3, 'Venus', 1, NULL, NULL, NULL);
INSERT INTO public.planet VALUES (4, 'Mars', 1, NULL, NULL, NULL);
INSERT INTO public.planet VALUES (5, 'Jupiter', 1, NULL, NULL, NULL);
INSERT INTO public.planet VALUES (6, 'Saturn', 1, NULL, NULL, NULL);
INSERT INTO public.planet VALUES (7, 'Uranus', 1, NULL, NULL, NULL);
INSERT INTO public.planet VALUES (8, 'Neptune', 1, NULL, NULL, NULL);
INSERT INTO public.planet VALUES (9, 'PA-99-N2', 5, NULL, NULL, NULL);
INSERT INTO public.planet VALUES (10, 'Pluto', 1, NULL, NULL, NULL);
INSERT INTO public.planet VALUES (11, '13044 b', 5, NULL, NULL, NULL);
INSERT INTO public.planet VALUES (12, 'M31', 5, NULL, NULL, NULL);


--
-- Data for Name: star; Type: TABLE DATA; Schema: public; Owner: freecodecamp
--

INSERT INTO public.star VALUES (1, 'Sun', 1, NULL, NULL);
INSERT INTO public.star VALUES (3, 'Sirius', 1, NULL, NULL);
INSERT INTO public.star VALUES (4, 'Canopus', 1, NULL, NULL);
INSERT INTO public.star VALUES (5, 'Nembus', 2, NULL, NULL);
INSERT INTO public.star VALUES (6, 'Adhara', 1, NULL, NULL);
INSERT INTO public.star VALUES (7, 'Mirach', 2, NULL, NULL);


--
-- Name: galaxy_galaxy_id_seq; Type: SEQUENCE SET; Schema: public; Owner: freecodecamp
--

SELECT pg_catalog.setval('public.galaxy_galaxy_id_seq', 6, true);


--
-- Name: lifeform_lifeform_id_seq; Type: SEQUENCE SET; Schema: public; Owner: freecodecamp
--

SELECT pg_catalog.setval('public.lifeform_lifeform_id_seq', 5, true);


--
-- Name: moon_moon_id_seq; Type: SEQUENCE SET; Schema: public; Owner: freecodecamp
--

SELECT pg_catalog.setval('public.moon_moon_id_seq', 21, true);


--
-- Name: planet_planet_id_seq; Type: SEQUENCE SET; Schema: public; Owner: freecodecamp
--

SELECT pg_catalog.setval('public.planet_planet_id_seq', 12, true);


--
-- Name: star_star_id_seq; Type: SEQUENCE SET; Schema: public; Owner: freecodecamp
--

SELECT pg_catalog.setval('public.star_star_id_seq', 7, true);


--
-- Name: galaxy galaxy_galaxy_id_key; Type: CONSTRAINT; Schema: public; Owner: freecodecamp
--

ALTER TABLE ONLY public.galaxy
    ADD CONSTRAINT galaxy_galaxy_id_key UNIQUE (galaxy_id);


--
-- Name: galaxy galaxy_name_key; Type: CONSTRAINT; Schema: public; Owner: freecodecamp
--

ALTER TABLE ONLY public.galaxy
    ADD CONSTRAINT galaxy_name_key UNIQUE (name);


--
-- Name: galaxy galaxy_pkey; Type: CONSTRAINT; Schema: public; Owner: freecodecamp
--

ALTER TABLE ONLY public.galaxy
    ADD CONSTRAINT galaxy_pkey PRIMARY KEY (galaxy_id);


--
-- Name: lifeform lifeform_name_key; Type: CONSTRAINT; Schema: public; Owner: freecodecamp
--

ALTER TABLE ONLY public.lifeform
    ADD CONSTRAINT lifeform_name_key UNIQUE (name);


--
-- Name: lifeform lifeform_pkey; Type: CONSTRAINT; Schema: public; Owner: freecodecamp
--

ALTER TABLE ONLY public.lifeform
    ADD CONSTRAINT lifeform_pkey PRIMARY KEY (lifeform_id);


--
-- Name: moon moon_name_key; Type: CONSTRAINT; Schema: public; Owner: freecodecamp
--

ALTER TABLE ONLY public.moon
    ADD CONSTRAINT moon_name_key UNIQUE (name);


--
-- Name: moon moon_pkey; Type: CONSTRAINT; Schema: public; Owner: freecodecamp
--

ALTER TABLE ONLY public.moon
    ADD CONSTRAINT moon_pkey PRIMARY KEY (moon_id);


--
-- Name: planet planet_name_key; Type: CONSTRAINT; Schema: public; Owner: freecodecamp
--

ALTER TABLE ONLY public.planet
    ADD CONSTRAINT planet_name_key UNIQUE (name);


--
-- Name: planet planet_pkey; Type: CONSTRAINT; Schema: public; Owner: freecodecamp
--

ALTER TABLE ONLY public.planet
    ADD CONSTRAINT planet_pkey PRIMARY KEY (planet_id);


--
-- Name: star star_name_key; Type: CONSTRAINT; Schema: public; Owner: freecodecamp
--

ALTER TABLE ONLY public.star
    ADD CONSTRAINT star_name_key UNIQUE (name);


--
-- Name: star star_pkey; Type: CONSTRAINT; Schema: public; Owner: freecodecamp
--

ALTER TABLE ONLY public.star
    ADD CONSTRAINT star_pkey PRIMARY KEY (star_id);


--
-- Name: lifeform lifeform_planet_id_fkey; Type: FK CONSTRAINT; Schema: public; Owner: freecodecamp
--

ALTER TABLE ONLY public.lifeform
    ADD CONSTRAINT lifeform_planet_id_fkey FOREIGN KEY (planet_id) REFERENCES public.planet(planet_id);


--
-- Name: moon moon_planet_id_fkey; Type: FK CONSTRAINT; Schema: public; Owner: freecodecamp
--

ALTER TABLE ONLY public.moon
    ADD CONSTRAINT moon_planet_id_fkey FOREIGN KEY (planet_id) REFERENCES public.planet(planet_id);


--
-- Name: planet planet_star_id_fkey; Type: FK CONSTRAINT; Schema: public; Owner: freecodecamp
--

ALTER TABLE ONLY public.planet
    ADD CONSTRAINT planet_star_id_fkey FOREIGN KEY (star_id) REFERENCES public.star(star_id);


--
-- Name: star star_galaxy_id_fkey; Type: FK CONSTRAINT; Schema: public; Owner: freecodecamp
--

ALTER TABLE ONLY public.star
    ADD CONSTRAINT star_galaxy_id_fkey FOREIGN KEY (galaxy_id) REFERENCES public.galaxy(galaxy_id);


--
-- PostgreSQL database dump complete
--

